user_id,username,first_name,last_name,email,phone
1,coolguy123,John,Smith,john.smith@example.com,555-123-4567
2,soccerfanatic,Emily,Johnson,emily.johnson@example.com,555-987-6543
3,techwizard22,David,Brown,david.brown@example.com,555-456-7890
4,musiclover,Sarah,Davis,sarah.davis@example.com,555-234-5678
5,bookworm88,Michael,Wilson,michael.wilson@example.com,555-876-5432
6,adventureseeker,Ashley,Martinez,ashley.martinez@example.com,555-345-6789
7,fitnessfreak,Jessica,Thompson,jessica.thompson@example.com,555-654-3210
8,foodie4life,Daniel,Lee,daniel.lee@example.com,555-789-0123
9,travelbug,Olivia,Garcia,olivia.garcia@example.com,555-321-0987
10,artlover,Ethan,Anderson,ethan.anderson@example.com,555-012-3456
11,moviebuff,Sophia,Hernandez,sophia.hernandez@example.com,555-210-9876
12,naturelover,Liam,Perez,liam.perez@example.com,555-543-2109
13,fashionista,Isabella,Flores,isabella.flores@example.com,555-789-6543
14,petlover,Lucas,Scott,lucas.scott@example.com,555-234-5678
15,DIYenthusiast,Mia,King,mia.king@example.com,555-876-5432
16,beachbum,Chloe,Wood,chloe.wood@example.com,555-345-6789
17,gamer4ever,Benjamin,Adams,benjamin.adams@example.com,555-654-3210
18,yogi,Harper,Mitchell,harper.mitchell@example.com,555-789-0123
19,musicmaker,Evelyn,Rivera,evelyn.rivera@example.com,555-321-0987
20,chefextraordinaire,Logan,Cooper,logan.cooper@example.com,555-012-3456
21,wanderlust,Elijah,Torres,elijah.torres@example.com,555-210-9876
22,moviecritic,Aria,Diaz,aria.diaz@example.com,555-543-2109
23,healthnut,Grace,Campbell,grace.campbell@example.com,555-789-6543
24,animaladvocate,Jackson,Nelson,jackson.nelson@example.com,555-234-5678
25,craftycreator,Penelope,Carter,penelope.carter@example.com,555-876-5432
26,adrenalinejunkie,Wyatt,Ramirez,wyatt.ramirez@example.com,555-345-6789
27,bibliophile,Scarlett,Evans,scarlett.evans@example.com,555-654-3210
28,workoutwarrior,Henry,Morris,henry.morris@example.com,555-789-0123
29,filmfan,Zoey,Nguyen,zoey.nguyen@example.com,555-321-0987
30,outdoorlover,Levi,Hughes,levi.hughes@example.com,555-012-3456
31,musicmaestro,Lily,Foster,lily.foster@example.com,555-210-9876
32,fitnessfanatic,Caleb,Barnes,caleb.barnes@example.com,555-543-2109
33,artaficionado,Victoria,Coleman,victoria.coleman@example.com,555-789-6543
34,animallover,Gavin,Peterson,gavin.peterson@example.com,555-234-5678
35,DIYer,Nora,Richardson,nora.richardson@example.com,555-876-5432
36,travelenthusiast,Mateo,Barnes,mateo.barnes@example.com,555-345-6789
37,movielover,Elena,White,elena.white@example.com,555-654-3210
38,healthguru,Oliver,Lewis,oliver.lewis@example.com,555-789-0123
39,musiclover22,Hazel,Ward,hazel.ward@example.com,555-321-0987
40,foodie,Isaac,Scott,isaac.scott@example.com,555-012-3456
41,wanderer,Stella,Rivera,stella.rivera@example.com,555-210-9876
42,cinemalover,Luke,Torres,luke.torres@example.com,555-543-2109
43,gymrat,Maya,Martinez,maya.martinez@example.com,555-789-6543
44,animaladvocate22,Eli,Murphy,eli.murphy@example.com,555-234-5678
45,crafter,Naomi,Howard,naomi.howard@example.com,555-876-5432
46,thrillseeker,Audrey,Gray,audrey.gray@example.com,555-345-6789
47,reader,Lincoln,Barnes,lincoln.barnes@example.com,555-654-3210
48,healthnut22,Ivy,Turner,ivy.turner@example.com,555-789-0123
49,musiclover2,Finn,Cooper,finn.cooper@example.com,555-321-0987
50,foodlover,Harper,Stewart,harper.stewart@example.com,555-012-3456
